{
  "min_utm": [
    762096.81,
    1623398.341
  ],
  "max_utm": [
    762583.211,
    1623862.472
  ],
  "center_utm": [
    762340.0105000001,
    1623630.4065
  ],
  "width_m": 486.40099999995437,
  "height_m": 464.13100000005215
}